NAME	SYMBOL	RANK IN GENE LIST	RANK METRIC SCORE	RUNNING ES	CORE ENRICHMENT	
row_0	YWHAZ	12	27.8799991607666	-0.004359264	No	
row_1	FAU	13	27.229999542236328	-0.0020813593	No	
row_2	RPLP1	43	19.559999465942383	-0.015843278	No	
row_3	RPS8	47	19.360000610351562	-0.015224665	No	
row_4	RPS17	51	19.1299991607666	-0.014606053	No	
row_5	RPS29	70	17.75	-0.0222839	No	
row_6	MAP1LC3A	74	17.6200008392334	-0.021665288	No	
row_7	RPL38	80	17.479999542236328	-0.02215287	No	
row_8	RPL35A	96	16.549999237060547	-0.028171426	No	
row_9	RPS28	106	15.84000015258789	-0.030871399	No	
row_10	H2AFX	112	15.380000114440918	-0.03135898	No	
row_11	CDC42	117	14.770000457763672	-0.031293467	No	
row_12	HBA2	118	14.770000457763672	-0.029015562	No	
row_13	RPL41	134	13.140000343322754	-0.035034116	No	
row_14	RNPS1	137	12.649999618530273	-0.03386241	No	
row_15	EIF1AY	144	12.350000381469727	-0.034903087	No	
row_16	SEC61B	152	11.630000114440918	-0.036496863	No	
row_17	RPL36AL	171	10.649999618530273	-0.044174712	No	
row_18	RPS27L	174	10.539999961853027	-0.043003	No	
row_19	SPCS1	176	10.350000381469727	-0.041278195	No	
row_20	NME1	182	10.220000267028809	-0.041765776	No	
row_21	SNRPG	187	9.989999771118164	-0.041700263	No	
row_22	DYNLL1	188	9.960000038146973	-0.039422356	No	
row_23	SNRPD1	199	9.520000457763672	-0.042675428	No	
row_24	PSMA7	212	9.039999961853027	-0.04703469	No	
row_25	ISG15	222	8.739999771118164	-0.049734663	No	
row_26	TK1	225	8.5600004196167	-0.04856295	No	
row_27	SOD1	228	8.539999961853027	-0.047391243	No	
row_28	HIST1H3J	240	8.199999809265137	-0.05119741	No	
row_29	TADA2A	289	7.110000133514404	-0.075468175	No	
row_30	MRPS16	292	7.090000152587891	-0.07429647	No	
row_31	AATF	297	7.010000228881836	-0.074230954	No	
row_32	VBP1	308	6.840000152587891	-0.07748402	No	
row_33	CCL5	309	6.789999961853027	-0.075206116	No	
row_34	PSMB5	317	6.650000095367432	-0.07679989	No	
row_35	EIF3C	333	6.320000171661377	-0.08281845	No	
row_36	MIF	334	6.309999942779541	-0.080540545	No	
row_37	PFN1	374	5.800000190734863	-0.09983344	No	
row_38	PSMB3	378	5.739999771118164	-0.09921482	No	
row_39	LSM7	379	5.730000019073486	-0.09693692	No	
row_40	STX1A	389	5.599999904632568	-0.09963689	No	
row_41	PTTG1	391	5.579999923706055	-0.09791209	No	
row_42	SUMO4	399	5.550000190734863	-0.099505864	No	
row_43	NDUFA2	425	5.289999961853027	-0.11105539	No	
row_44	NDUFA8	447	4.980000019073486	-0.12039253	No	
row_45	GTF3A	453	4.880000114440918	-0.12088011	No	
row_46	CDC25C	454	4.880000114440918	-0.11860221	No	
row_47	PRDX4	462	4.829999923706055	-0.120195985	No	
row_48	NDUFS8	473	4.690000057220459	-0.12344906	No	
row_49	TAF10	489	4.579999923706055	-0.1294676	No	
row_50	MRPS33	493	4.559999942779541	-0.128849	No	
row_51	NPS	497	4.519999980926514	-0.12823038	No	
row_52	NDUFA7	499	4.510000228881836	-0.12650558	No	
row_53	S100B	501	4.5	-0.124780774	No	
row_54	NDUFB3	506	4.460000038146973	-0.12471525	No	
row_55	BCAP31	507	4.449999809265137	-0.12243735	No	
row_56	HIST2H2AA4	512	4.400000095367432	-0.12237184	No	
row_57	HIST1H2BH	519	4.349999904632568	-0.12341252	No	
row_58	MED10	530	4.21999979019165	-0.12666559	No	
row_59	GRPEL1	540	4.130000114440918	-0.12936556	No	
row_60	CKS2	543	4.119999885559082	-0.12819384	No	
row_61	PGAM1	556	4.019999980926514	-0.13255312	No	
row_62	NDUFB10	587	3.859999895095825	-0.14686812	No	
row_63	SLIRP	589	3.8499999046325684	-0.14514332	No	
row_64	DDX52	597	3.759999990463257	-0.1467371	No	
row_65	PTGER1	599	3.75	-0.14501229	No	
row_66	GTF2H2	603	3.7200000286102295	-0.14439368	No	
row_67	S100A6	605	3.7200000286102295	-0.14266887	No	
row_68	TIMM8B	606	3.7200000286102295	-0.14039096	No	
row_69	ERH	610	3.700000047683716	-0.13977236	No	
row_70	TIPIN	616	3.6600000858306885	-0.14025994	No	
row_71	PPY	630	3.5399999618530273	-0.1451723	No	
row_72	CXCL3	638	3.4800000190734863	-0.14676607	No	
row_73	SAR1B	646	3.440000057220459	-0.14835985	No	
row_74	CCL16	649	3.430000066757202	-0.14718814	No	
row_75	IFNA13	653	3.4100000858306885	-0.14656954	No	
row_76	NOP10	670	3.3399999141693115	-0.15314119	No	
row_77	VKORC1	683	3.2899999618530273	-0.15750045	No	
row_78	PCBD1	696	3.2200000286102295	-0.1618597	No	
row_79	CCL27	714	3.130000114440918	-0.16898446	No	
row_80	GHRH	715	3.119999885559082	-0.16670656	No	
row_81	OXT	735	3.059999942779541	-0.1749375	No	
row_82	NPW	743	3.0299999713897705	-0.17653127	No	
row_83	NPB	744	3.0299999713897705	-0.17425337	No	
row_84	GNG8	753	2.9800000190734863	-0.17640024	No	
row_85	ARPC3	761	2.950000047683716	-0.17799403	No	
row_86	CFD	770	2.9100000858306885	-0.1801409	No	
row_87	TAF15	778	2.880000114440918	-0.18173468	No	
row_88	PCBD2	782	2.859999895095825	-0.18111606	No	
row_89	AVP	785	2.859999895095825	-0.17994435	No	
row_90	UBE2V2	787	2.8499999046325684	-0.17821954	No	
row_91	IFNA2	788	2.8399999141693115	-0.17594165	No	
row_92	EDA	789	2.8299999237060547	-0.17366374	No	
row_93	CCL4	795	2.819999933242798	-0.17415132	No	
row_94	GP9	796	2.819999933242798	-0.17187342	No	
row_95	AP2S1	810	2.7699999809265137	-0.17678578	No	
row_96	MED8	814	2.75	-0.17616716	No	
row_97	APOC3	816	2.75	-0.17444235	No	
row_98	POLR2J2	820	2.740000009536743	-0.17382374	No	
row_99	TIMM23	828	2.700000047683716	-0.17541753	No	
row_100	CIAO1	829	2.700000047683716	-0.17313962	No	
row_101	POLR2K	835	2.680000066757202	-0.1736272	No	
row_102	TUBGCP5	836	2.680000066757202	-0.17134929	No	
row_103	THY1	837	2.680000066757202	-0.16907139	No	
row_104	GNG11	855	2.619999885559082	-0.17619614	No	
row_105	CDIPT	862	2.5999999046325684	-0.17723683	No	
row_106	COX6A2	865	2.5899999141693115	-0.17606512	No	
row_107	OSTC	867	2.5799999237060547	-0.17434031	No	
row_108	CHMP5	870	2.559999942779541	-0.1731686	No	
row_109	CALCB	886	2.490000009536743	-0.17918715	No	
row_110	SMNDC1	888	2.490000009536743	-0.17746234	No	
row_111	MED20	889	2.490000009536743	-0.17518444	No	
row_112	GNG10	892	2.4700000286102295	-0.17401272	No	
row_113	PTS	893	2.4700000286102295	-0.17173482	No	
row_114	RAB8B	897	2.4600000381469727	-0.17111622	No	
row_115	RND1	904	2.450000047683716	-0.17215689	No	
row_116	CHP1	910	2.430000066757202	-0.17264447	No	
row_117	HIST1H2AE	913	2.4200000762939453	-0.17147276	No	
row_118	DYNLT3	917	2.4000000953674316	-0.17085415	No	
row_119	SNAP23	922	2.390000104904175	-0.17078863	No	
row_120	EFNA1	925	2.380000114440918	-0.16961692	No	
row_121	CCL3	927	2.380000114440918	-0.16789211	No	
row_122	HIC1	929	2.369999885559082	-0.16616732	No	
row_123	ROMO1	930	2.369999885559082	-0.16388941	No	
row_124	DNAL4	935	2.3499999046325684	-0.16382389	No	
row_125	MYL12A	941	2.3399999141693115	-0.16431147	No	
row_126	HIST1H1A	947	2.319999933242798	-0.16479906	No	
row_127	AK1	949	2.319999933242798	-0.16307425	No	
row_128	CHCHD1	950	2.309999942779541	-0.16079634	No	
row_129	GSTT2B	955	2.2799999713897705	-0.16073082	No	
row_130	PMAIP1	963	2.25	-0.1623246	No	
row_131	DPY30	970	2.2300000190734863	-0.16336529	No	
row_132	F8A3	981	2.190000057220459	-0.16661836	No	
row_133	OR51I1	991	2.180000066757202	-0.16931833	No	
row_134	OR2AP1	993	2.180000066757202	-0.16759352	No	
row_135	PFDN6	1008	2.1500000953674316	-0.17305897	No	
row_136	MT2A	1014	2.119999885559082	-0.17354657	No	
row_137	SLX1B	1021	2.0899999141693115	-0.17458723	No	
row_138	ACACA	1025	2.0899999141693115	-0.17396863	No	
row_139	SBDS	1028	2.0799999237060547	-0.17279692	No	
row_140	ERP29	1054	2.0	-0.18434645	No	
row_141	CCDC85B	1061	1.9900000095367432	-0.18538713	Yes	
row_142	HNF1B	1062	1.9800000190734863	-0.18310922	Yes	
row_143	CSTB	1064	1.9800000190734863	-0.18138441	Yes	
row_144	NAA50	1066	1.9700000286102295	-0.1796596	Yes	
row_145	TSPY3	1067	1.9700000286102295	-0.17738171	Yes	
row_146	PIP4K2B	1079	1.9500000476837158	-0.18118787	Yes	
row_147	HIST3H2BB	1082	1.940000057220459	-0.18001616	Yes	
row_148	PKMYT1	1086	1.9299999475479126	-0.17939755	Yes	
row_149	CHCHD2	1097	1.9199999570846558	-0.18265061	Yes	
row_150	MPHOSPH6	1099	1.909999966621399	-0.18092582	Yes	
row_151	TIMM22	1100	1.909999966621399	-0.1786479	Yes	
row_152	ALOX5AP	1101	1.909999966621399	-0.17637	Yes	
row_153	BLVRA	1108	1.8899999856948853	-0.17741068	Yes	
row_154	XRCC3	1116	1.8799999952316284	-0.17900446	Yes	
row_155	MFAP2	1120	1.850000023841858	-0.17838584	Yes	
row_156	APOC2	1133	1.7999999523162842	-0.18274511	Yes	
row_157	PSMC3IP	1141	1.7899999618530273	-0.18433888	Yes	
row_158	IGFBP6	1147	1.7799999713897705	-0.18482646	Yes	
row_159	IFNA17	1148	1.7799999713897705	-0.18254857	Yes	
row_160	BGLAP	1150	1.7799999713897705	-0.18082376	Yes	
row_161	TAF13	1152	1.7599999904632568	-0.17909895	Yes	
row_162	PCGF1	1155	1.7599999904632568	-0.17792724	Yes	
row_163	CYTH2	1157	1.7599999904632568	-0.17620243	Yes	
row_164	SSX2B	1158	1.7599999904632568	-0.17392454	Yes	
row_165	ISG20	1169	1.7400000095367432	-0.1771776	Yes	
row_166	TOMM5	1170	1.7300000190734863	-0.1748997	Yes	
row_167	S100A12	1173	1.7300000190734863	-0.17372799	Yes	
row_168	ZNHIT3	1178	1.7200000286102295	-0.17366247	Yes	
row_169	GLO1	1180	1.7100000381469727	-0.17193766	Yes	
row_170	CCL18	1186	1.7000000476837158	-0.17242524	Yes	
row_171	PCGF2	1195	1.6799999475479126	-0.17457213	Yes	
row_172	EXOSC6	1198	1.6699999570846558	-0.1734004	Yes	
row_173	CHMP4A	1204	1.649999976158142	-0.173888	Yes	
row_174	CTAG1B	1206	1.649999976158142	-0.17216319	Yes	
row_175	GDF15	1209	1.6399999856948853	-0.17099148	Yes	
row_176	SRSF10	1223	1.6100000143051147	-0.17590384	Yes	
row_177	MOB1A	1228	1.600000023841858	-0.17583832	Yes	
row_178	AHSP	1229	1.600000023841858	-0.17356041	Yes	
row_179	TOMM6	1234	1.590000033378601	-0.1734949	Yes	
row_180	DEFB103B	1246	1.5700000524520874	-0.17730106	Yes	
row_181	CCL1	1259	1.5299999713897705	-0.18166032	Yes	
row_182	PRPF38B	1261	1.5299999713897705	-0.17993553	Yes	
row_183	COX17	1267	1.5199999809265137	-0.18042311	Yes	
row_184	NGB	1270	1.5199999809265137	-0.1792514	Yes	
row_185	NUDT1	1278	1.5	-0.18084517	Yes	
row_186	SSU72	1282	1.4900000095367432	-0.18022656	Yes	
row_187	GAGE12F	1283	1.4900000095367432	-0.17794865	Yes	
row_188	GAGE12G	1284	1.4900000095367432	-0.17567076	Yes	
row_189	DRAP1	1293	1.4800000190734863	-0.17781763	Yes	
row_190	EXOSC1	1304	1.4600000381469727	-0.1810707	Yes	
row_191	BBS2	1306	1.4500000476837158	-0.17934589	Yes	
row_192	AMELY	1307	1.4500000476837158	-0.17706798	Yes	
row_193	GP1BB	1309	1.440000057220459	-0.17534317	Yes	
row_194	RASD1	1321	1.409999966621399	-0.17914934	Yes	
row_195	SRY	1322	1.409999966621399	-0.17687143	Yes	
row_196	SEC22B	1341	1.3700000047683716	-0.18454929	Yes	
row_197	MRPS18B	1342	1.3700000047683716	-0.18227138	Yes	
row_198	BIK	1345	1.3700000047683716	-0.18109967	Yes	
row_199	CWC25	1354	1.350000023841858	-0.18324655	Yes	
row_200	CLDN5	1357	1.350000023841858	-0.18207483	Yes	
row_201	COPS8	1362	1.3300000429153442	-0.18200932	Yes	
row_202	MRRF	1371	1.309999942779541	-0.1841562	Yes	
row_203	METTL23	1376	1.2999999523162842	-0.18409067	Yes	
row_204	MOS	1378	1.2899999618530273	-0.18236588	Yes	
row_205	WNT6	1380	1.2899999618530273	-0.18064107	Yes	
row_206	DUSP14	1385	1.2699999809265137	-0.18057555	Yes	
row_207	EIF3CL	1387	1.2699999809265137	-0.17885074	Yes	
row_208	NPC2	1391	1.2599999904632568	-0.17823213	Yes	
row_209	CD24	1396	1.2400000095367432	-0.17816661	Yes	
row_210	MMP28	1402	1.2300000190734863	-0.1786542	Yes	
row_211	TFF1	1405	1.2300000190734863	-0.17748249	Yes	
row_212	MAP1LC3C	1415	1.2000000476837158	-0.18018246	Yes	
row_213	SOCS7	1419	1.190000057220459	-0.17956385	Yes	
row_214	H1FX	1420	1.190000057220459	-0.17728594	Yes	
row_215	NNAT	1421	1.190000057220459	-0.17500804	Yes	
row_216	PPP1R3C	1424	1.1799999475479126	-0.17383634	Yes	
row_217	CCL15	1426	1.1799999475479126	-0.17211153	Yes	
row_218	PTMS	1434	1.159999966621399	-0.1737053	Yes	
row_219	COX6B2	1436	1.159999966621399	-0.1719805	Yes	
row_220	TMSB4Y	1438	1.159999966621399	-0.17025569	Yes	
row_221	PDRG1	1440	1.159999966621399	-0.16853088	Yes	
row_222	PSMG3	1443	1.159999966621399	-0.16735917	Yes	
row_223	CD99	1444	1.159999966621399	-0.16508126	Yes	
row_224	GLRX5	1446	1.149999976158142	-0.16335645	Yes	
row_225	MPST	1459	1.1299999952316284	-0.16771573	Yes	
row_226	NCOA4	1471	1.1100000143051147	-0.17152189	Yes	
row_227	FXYD1	1476	1.100000023841858	-0.17145637	Yes	
row_228	GPSM3	1479	1.090000033378601	-0.17028466	Yes	
row_229	HES7	1480	1.090000033378601	-0.16800676	Yes	
row_230	NOL7	1481	1.090000033378601	-0.16572885	Yes	
row_231	NHLH2	1487	1.0700000524520874	-0.16621643	Yes	
row_232	DEFA1B	1489	1.0700000524520874	-0.16449162	Yes	
row_233	LALBA	1491	1.059999942779541	-0.16276683	Yes	
row_234	DBP	1492	1.059999942779541	-0.16048892	Yes	
row_235	RBP3	1497	1.059999942779541	-0.1604234	Yes	
row_236	IL12A	1499	1.059999942779541	-0.15869859	Yes	
row_237	HINT2	1520	1.0199999809265137	-0.16748264	Yes	
row_238	UBE2J2	1522	1.0199999809265137	-0.16575783	Yes	
row_239	CHST14	1526	1.0099999904632568	-0.16513921	Yes	
row_240	TMSB10	1535	1.0	-0.1672861	Yes	
row_241	DPM2	1536	1.0	-0.16500819	Yes	
row_242	ANAPC16	1539	0.9900000095367432	-0.16383648	Yes	
row_243	ZNF593	1547	0.9800000190734863	-0.16543026	Yes	
row_244	BLOC1S2	1549	0.9800000190734863	-0.16370545	Yes	
row_245	CDY2B	1551	0.9700000286102295	-0.16198064	Yes	
row_246	MOSPD1	1566	0.949999988079071	-0.1674461	Yes	
row_247	DEFB106B	1567	0.949999988079071	-0.1651682	Yes	
row_248	SPINK1	1602	0.8999999761581421	-0.1816956	Yes	
row_249	ANXA8	1604	0.8999999761581421	-0.1799708	Yes	
row_250	STRA13	1608	0.8899999856948853	-0.17935218	Yes	
row_251	RND2	1612	0.8899999856948853	-0.17873357	Yes	
row_252	CRABP1	1617	0.8799999952316284	-0.17866805	Yes	
row_253	DCUN1D2	1622	0.8700000047683716	-0.17860255	Yes	
row_254	SCNM1	1631	0.8700000047683716	-0.18074942	Yes	
row_255	FDX1	1636	0.8600000143051147	-0.1806839	Yes	
row_256	MRM1	1642	0.8600000143051147	-0.18117148	Yes	
row_257	MAGEA9B	1647	0.8500000238418579	-0.18110597	Yes	
row_258	MSMB	1655	0.8399999737739563	-0.18269974	Yes	
row_259	MLANA	1660	0.8399999737739563	-0.18263423	Yes	
row_260	SPAG11A	1665	0.8299999833106995	-0.18256871	Yes	
row_261	CCL23	1669	0.8199999928474426	-0.1819501	Yes	
row_262	S100A13	1670	0.8199999928474426	-0.1796722	Yes	
row_263	PRR13	1672	0.8199999928474426	-0.17794739	Yes	
row_264	NHLH1	1682	0.8100000023841858	-0.18064736	Yes	
row_265	SAT2	1683	0.8100000023841858	-0.17836946	Yes	
row_266	FBXO17	1684	0.8100000023841858	-0.17609155	Yes	
row_267	HES4	1690	0.800000011920929	-0.17657913	Yes	
row_268	FRAT2	1692	0.800000011920929	-0.17485432	Yes	
row_269	SYNRG	1698	0.7900000214576721	-0.1753419	Yes	
row_270	HIST1H2AD	1700	0.7900000214576721	-0.1736171	Yes	
row_271	COMMD3	1704	0.7799999713897705	-0.17299849	Yes	
row_272	HSPB6	1706	0.7799999713897705	-0.17127368	Yes	
row_273	MLLT6	1712	0.7699999809265137	-0.17176126	Yes	
row_274	NUPR1	1714	0.7699999809265137	-0.17003646	Yes	
row_275	JOSD1	1717	0.7699999809265137	-0.16886474	Yes	
row_276	OST4	1719	0.7699999809265137	-0.16713995	Yes	
row_277	RABEPK	1721	0.7599999904632568	-0.16541514	Yes	
row_278	CENPW	1723	0.7599999904632568	-0.16369033	Yes	
row_279	ZCCHC10	1725	0.7599999904632568	-0.16196552	Yes	
row_280	DUSP23	1733	0.7599999904632568	-0.1635593	Yes	
row_281	ZNF385A	1736	0.7599999904632568	-0.16238758	Yes	
row_282	MT1G	1739	0.75	-0.16121587	Yes	
row_283	TXNL4B	1746	0.75	-0.16225655	Yes	
row_284	HRK	1751	0.7400000095367432	-0.16219105	Yes	
row_285	TAL2	1753	0.7400000095367432	-0.16046624	Yes	
row_286	HES6	1758	0.7400000095367432	-0.16040072	Yes	
row_287	PRY	1761	0.7300000190734863	-0.15922901	Yes	
row_288	DEFB105B	1762	0.7300000190734863	-0.1569511	Yes	
row_289	TNFRSF13C	1763	0.7300000190734863	-0.1546732	Yes	
row_290	ZNF84	1769	0.7200000286102295	-0.15516078	Yes	
row_291	DHRS11	1770	0.7200000286102295	-0.15288287	Yes	
row_292	ZNRF2	1772	0.7200000286102295	-0.15115806	Yes	
row_293	SQLE	1773	0.7200000286102295	-0.14888017	Yes	
row_294	BROX	1788	0.699999988079071	-0.15434563	Yes	
row_295	TCF15	1800	0.6899999976158142	-0.15815179	Yes	
row_296	RBMY1A1	1802	0.6800000071525574	-0.15642698	Yes	
row_297	LHX1	1804	0.6800000071525574	-0.15470217	Yes	
row_298	NFKBIL1	1811	0.6700000166893005	-0.15574285	Yes	
row_299	HBM	1812	0.6700000166893005	-0.15346496	Yes	
row_300	SERF1B	1814	0.6700000166893005	-0.15174015	Yes	
row_301	ASCC1	1815	0.6600000262260437	-0.14946224	Yes	
row_302	AQP6	1825	0.6499999761581421	-0.15216221	Yes	
row_303	CHTF8	1826	0.6499999761581421	-0.14988431	Yes	
row_304	DKK4	1829	0.6399999856948853	-0.1487126	Yes	
row_305	H2AFB3	1837	0.6299999952316284	-0.15030637	Yes	
row_306	SLURP1	1841	0.6299999952316284	-0.14968777	Yes	
row_307	MRPS17	1854	0.6000000238418579	-0.15404703	Yes	
row_308	BEX1	1856	0.6000000238418579	-0.15232222	Yes	
row_309	BDH1	1857	0.6000000238418579	-0.15004432	Yes	
row_310	CCL14	1864	0.5899999737739563	-0.15108499	Yes	
row_311	MIXL1	1867	0.5899999737739563	-0.14991328	Yes	
row_312	CT45A1	1873	0.5799999833106995	-0.15040086	Yes	
row_313	IER3IP1	1875	0.5699999928474426	-0.14867607	Yes	
row_314	HSBP1	1877	0.5699999928474426	-0.14695126	Yes	
row_315	CREG1	1883	0.5699999928474426	-0.14743884	Yes	
row_316	WFDC5	1894	0.550000011920929	-0.15069191	Yes	
row_317	FAM162A	1895	0.550000011920929	-0.148414	Yes	
row_318	H2AFB1	1896	0.550000011920929	-0.14613609	Yes	
row_319	C18orf32	1902	0.5400000214576721	-0.14662369	Yes	
row_320	AARSD1	1904	0.5400000214576721	-0.14489888	Yes	
row_321	DEFB107B	1910	0.5299999713897705	-0.14538646	Yes	
row_322	RHEBL1	1911	0.5299999713897705	-0.14310855	Yes	
row_323	BOLA1	1912	0.5299999713897705	-0.14083065	Yes	
row_324	SCGB1D2	1922	0.5199999809265137	-0.14353062	Yes	
row_325	FAM156B	1923	0.5199999809265137	-0.14125271	Yes	
row_326	DNLZ	1934	0.5099999904632568	-0.14450578	Yes	
row_327	SRCIN1	1938	0.5099999904632568	-0.14388716	Yes	
row_328	RGPD6	1941	0.5	-0.14271545	Yes	
row_329	NSMCE4A	1943	0.49000000953674316	-0.14099064	Yes	
row_330	RASL10B	1945	0.49000000953674316	-0.13926585	Yes	
row_331	PSPN	1947	0.49000000953674316	-0.13754104	Yes	
row_332	HSFX2	1950	0.49000000953674316	-0.13636933	Yes	
row_333	CTRB2	1952	0.49000000953674316	-0.13464452	Yes	
row_334	PUSL1	1955	0.47999998927116394	-0.13347282	Yes	
row_335	SYNGR3	1961	0.47999998927116394	-0.1339604	Yes	
row_336	SCGB2A1	1967	0.4699999988079071	-0.13444798	Yes	
row_337	BOLA2B	1971	0.4699999988079071	-0.13382937	Yes	
row_338	SCGB3A2	1977	0.46000000834465027	-0.13431695	Yes	
row_339	ASCL3	1981	0.46000000834465027	-0.13369833	Yes	
row_340	C2orf49	1983	0.44999998807907104	-0.13197352	Yes	
row_341	CXCL17	1985	0.44999998807907104	-0.13024873	Yes	
row_342	SPSB2	1988	0.44999998807907104	-0.129077	Yes	
row_343	PIGW	1990	0.44999998807907104	-0.12735221	Yes	
row_344	TBC1D3F	1991	0.44999998807907104	-0.1250743	Yes	
row_345	RAB7B	1992	0.44999998807907104	-0.122796394	Yes	
row_346	CCNO	1995	0.4399999976158142	-0.121624686	Yes	
row_347	CITED4	1998	0.4399999976158142	-0.12045298	Yes	
row_348	APOM	2001	0.4399999976158142	-0.11928126	Yes	
row_349	LCN9	2002	0.4300000071525574	-0.11700336	Yes	
row_350	TSPY4	2003	0.4300000071525574	-0.114725456	Yes	
row_351	TMEM14B	2008	0.4300000071525574	-0.11465994	Yes	
row_352	LCN8	2010	0.4300000071525574	-0.11293513	Yes	
row_353	DEFB110	2018	0.41999998688697815	-0.11452891	Yes	
row_354	RBMY1B	2019	0.41999998688697815	-0.112251006	Yes	
row_355	RNF122	2021	0.41999998688697815	-0.1105262	Yes	
row_356	CLEC11A	2028	0.4099999964237213	-0.11156688	Yes	
row_357	BCAP29	2029	0.4099999964237213	-0.109288976	Yes	
row_358	DEFB121	2031	0.4099999964237213	-0.107564166	Yes	
row_359	MRPL52	2033	0.4000000059604645	-0.10583936	Yes	
row_360	CNPY2	2034	0.4000000059604645	-0.10356145	Yes	
row_361	TIGD1	2037	0.4000000059604645	-0.102389745	Yes	
row_362	IRGM	2043	0.4000000059604645	-0.10287733	Yes	
row_363	RBMY1J	2045	0.4000000059604645	-0.101152524	Yes	
row_364	HIGD2A	2048	0.38999998569488525	-0.09998081	Yes	
row_365	HAGHL	2051	0.38999998569488525	-0.0988091	Yes	
row_366	FNDC5	2053	0.38999998569488525	-0.09708429	Yes	
row_367	GCHFR	2054	0.38999998569488525	-0.09480639	Yes	
row_368	DMRTC1B	2056	0.3799999952316284	-0.093081586	Yes	
row_369	CT47B1	2057	0.3799999952316284	-0.090803675	Yes	
row_370	LST1	2063	0.3799999952316284	-0.09129126	Yes	
row_371	CIAPIN1	2064	0.3799999952316284	-0.08901335	Yes	
row_372	CST6	2071	0.3700000047683716	-0.090054035	Yes	
row_373	LYPD1	2075	0.36000001430511475	-0.08943542	Yes	
row_374	MRPL45	2079	0.3499999940395355	-0.088816814	Yes	
row_375	METTL7B	2081	0.3499999940395355	-0.087092005	Yes	
row_376	RBMY1D	2084	0.3499999940395355	-0.0859203	Yes	
row_377	CT45A5	2085	0.3499999940395355	-0.08364239	Yes	
row_378	GGNBP2	2088	0.3400000035762787	-0.08247068	Yes	
row_379	SLC25A35	2094	0.3400000035762787	-0.082958266	Yes	
row_380	FAM207A	2096	0.33000001311302185	-0.08123346	Yes	
row_381	LZIC	2097	0.33000001311302185	-0.07895555	Yes	
row_382	TMBIM1	2099	0.3199999928474426	-0.077230744	Yes	
row_383	C19orf73	2100	0.3199999928474426	-0.07495284	Yes	
row_384	PGA3	2101	0.3199999928474426	-0.07267494	Yes	
row_385	PGA4	2102	0.3199999928474426	-0.070397034	Yes	
row_386	SPINT4	2103	0.3100000023841858	-0.06811912	Yes	
row_387	PRLH	2105	0.3100000023841858	-0.06639432	Yes	
row_388	DNAJC30	2108	0.3100000023841858	-0.065222606	Yes	
row_389	PLEKHB1	2115	0.3100000023841858	-0.06626329	Yes	
row_390	NBPF11	2119	0.30000001192092896	-0.065644674	Yes	
row_391	COA5	2120	0.30000001192092896	-0.06336677	Yes	
row_392	TTC36	2123	0.30000001192092896	-0.062195063	Yes	
row_393	SCGB3A1	2124	0.30000001192092896	-0.05991716	Yes	
row_394	ZNF705G	2125	0.30000001192092896	-0.057639252	Yes	
row_395	COMMD2	2126	0.30000001192092896	-0.05536135	Yes	
row_396	SNRNP25	2127	0.30000001192092896	-0.053083446	Yes	
row_397	C3orf36	2128	0.30000001192092896	-0.05080554	Yes	
row_398	ACBD4	2130	0.30000001192092896	-0.049080733	Yes	
row_399	FAM133B	2131	0.30000001192092896	-0.04680283	Yes	
row_400	C11orf71	2132	0.30000001192092896	-0.044524923	Yes	
row_401	CYB561D2	2134	0.30000001192092896	-0.042800117	Yes	
row_402	CT62	2137	0.30000001192092896	-0.04162841	Yes	
row_403	TMEM54	2141	0.30000001192092896	-0.041009795	Yes	
row_404	GDF2	2142	0.30000001192092896	-0.03873189	Yes	
row_405	SPINT3	2147	0.28999999165534973	-0.038666375	Yes	
row_406	BBIP1	2154	0.27000001072883606	-0.039707057	Yes	
row_407	GSTT2	2157	0.27000001072883606	-0.038535345	Yes	
row_408	DAZ4	2170	0.25999999046325684	-0.04289461	Yes	
row_409	STARD7	2171	0.25999999046325684	-0.040616706	Yes	
row_410	CBWD5	2174	0.25999999046325684	-0.039444994	Yes	
row_411	H2AFJ	2177	0.25	-0.038273286	Yes	
row_412	ZNF488	2188	0.23999999463558197	-0.041526355	Yes	
row_413	RIMBP3C	2195	0.23999999463558197	-0.042567033	Yes	
row_414	CT45A6	2197	0.23000000417232513	-0.040842228	Yes	
row_415	CCL4L2	2198	0.23000000417232513	-0.038564324	Yes	
row_416	TP53TG3	2199	0.23000000417232513	-0.036286417	Yes	
row_417	PATE4	2202	0.23000000417232513	-0.03511471	Yes	
row_418	HSBP1L1	2203	0.23000000417232513	-0.032836802	Yes	
row_419	SDHAF1	2206	0.2199999988079071	-0.031665094	Yes	
row_420	KRTAP20-3	2208	0.20000000298023224	-0.029940287	Yes	
row_421	KRTAP23-1	2209	0.20000000298023224	-0.027662383	Yes	
row_422	PRR20D	2210	0.20000000298023224	-0.025384478	Yes	
row_423	PRR20E	2211	0.20000000298023224	-0.023106575	Yes	
row_424	KRTAP19-7	2214	0.20000000298023224	-0.021934865	Yes	
row_425	PRR20A	2215	0.20000000298023224	-0.01965696	Yes	
row_426	LCE3B	2218	0.20000000298023224	-0.01848525	Yes	
row_427	PRR9	2219	0.20000000298023224	-0.016207345	Yes	
row_428	PRR20B	2220	0.20000000298023224	-0.013929442	Yes	
row_429	PRR20C	2221	0.20000000298023224	-0.011651536	Yes	
row_430	INCA1	2238	0.0	-0.01822319	Yes	
row_431	SPATA24	2239	0.0	-0.015945286	Yes	
row_432	MORN2	2240	0.0	-0.013667381	Yes	
row_433	PNMA6A	2241	0.0	-0.011389477	Yes	
row_434	SWI5	2242	0.0	-0.009111572	Yes	
row_435	C22orf39	2243	0.0	-0.006833668	Yes	
row_436	B3GALT2	2244	0.0	-0.0045557637	Yes	
row_437	C9orf16	2245	0.0	-0.002277859	Yes	
row_438	MMP23B	2246	0.0	4.5401976E-8	Yes	
